{
    "0": 5.564240025399999,
    "1": 5.3694362599000005
}