{
    "0": 5.48690494968,
    "1": 4.275213705570001
}