{
    "0": 12.334411802479998,
    "1": 12.097081690129993
}