{
    "10": 1.5582189980599992,
    "12": 1.3790039963600007,
    "14": 1.4555029297400006,
    "16": 1.4419567246700007,
    "18": 1.4475546804399992,
    "2": 6.113676079910001,
    "20": 1.41734389081,
    "4": 3.101965025600002,
    "6": 2.06638977284,
    "8": 1.8653269831500001
}