{
    "10": 0.5073574,
    "12": 0.44266373360999983,
    "14": 0.5167228181000005,
    "16": 0.48189589985000003,
    "18": 0.4705025503399999,
    "2": 2.17085218854,
    "20": 0.46521930658999994,
    "4": 1.1018486875999998,
    "6": 0.73706346926,
    "8": 0.63065104078
}