{
    "10": 0.5133181064,
    "12": 0.4560499771200001,
    "14": 0.52356539683,
    "16": 0.4881614753799998,
    "18": 0.46533521194999977,
    "2": 2.1769661122900015,
    "20": 0.46515159212999985,
    "22": 2.1115352138699994,
    "24": 1.0613029578100002,
    "26": 0.71050099387,
    "28": 0.5981230634700002,
    "30": 0.49440989823999976,
    "32": 0.43391793530000005,
    "34": 0.49296270172999995,
    "36": 0.4696612853600001,
    "38": 0.4474642582799998,
    "4": 1.0947286401999998,
    "40": 0.44223807328,
    "6": 0.73939440007,
    "8": 0.6252529131599998
}