{
    "10": 0.5132695130049999,
    "12": 0.43457550113999976,
    "14": 0.511547394895,
    "16": 0.4817067930600002,
    "18": 0.4642663686749997,
    "2": 2.1892510973750015,
    "20": 0.46138002866500016,
    "22": 2.1225541812800013,
    "24": 1.0614053495399993,
    "26": 0.7084748781849997,
    "28": 0.6012129355849998,
    "30": 0.4900891074400001,
    "32": 0.4234732790149998,
    "34": 0.4918218170299999,
    "36": 0.45970807015,
    "38": 0.4445540858700002,
    "4": 1.0991069076549997,
    "40": 0.44187588202,
    "6": 0.7301637838850001,
    "8": 0.6280216983799998
}